,tweet_RER_B,heure_du_tweet
0,merci aux idiots qui ont fait couler le projet cdg express .,2020-12-11 14:44:52
1,jsp pour vous mais je viens de finir une partie candy crush a 600 millions de score ptdr chui reste agrippÃ© sur mo â€¦,2020-12-11 14:39:29
2,"quand je suis arrivÃ© Ã  paris , en 1982 , ce rer b , dont le tronÃ§on central venait d ' Ãªtre ouvert , semblait une merveil â€¦",2020-12-11 14:08:37
3,les opposants au cdgexpress ont rÃ©ussi ... Ã  bloquer la modernisation du rer b ! chapeau ! quand des populistes vi â€¦,2020-12-11 14:08:07
4,"quand je suis arrivÃ© Ã  paris , en 1982 , ce rer b , dont le tronÃ§on central venait d ' Ãªtre ouvert , semblait une merveil â€¦",2020-12-11 14:06:50
5,est - ce lÃ  ( encore ) une fÃ¢cheuse consÃ©quence pour les usagers du dogmatisme de certains Ã©lus et / ou associations ??â€¦,2020-12-11 14:01:44
6,grand paris : la modernisation du rer b menacÃ©e,2020-12-11 13:58:16
7,"pas sortis de l â€™ auberge , selon â¦â©",2020-12-11 12:26:20
8,on peut aussi ajouter Ã  ce constat que la puissance publique ne sait / peut plus se mettre en exÃ©cution ( pas uniqueme â€¦,2020-12-11 11:51:23
9,"j ' ai pas accÃ¨s Ã  l ' article , mais le ton laisse penser que si le chantier du cdg express est arrÃªtÃ© ,â€¦",2020-12-11 11:21:01
10,"alors bien sÃ»r , on peut regretter l ' imbrication des travaux , probablement trop inextricable pour Ãªtre honnÃªte . mais â€¦",2020-12-11 11:20:56
11,grand paris : la modernisation du rer b menacÃ©e | par via,2020-12-11 11:14:01
12,"le lobby cdgexpress et aÃ©roports de paris ( adp ), le gestionnaire d â€™ infrastructure , s ' assoient sur la dÃ©cision du t â€¦",2020-12-11 11:12:09
13,j ' avais dit quoi ? taper sur le cdg express n ' aide pas le rer b ...,2020-12-11 11:09:06
14,grand paris : la modernisation du rer b menacÃ©e via,2020-12-11 11:07:09
15,samsoen placer la santÃ© avant la culture c ' est de l â€¦,2020-12-11 10:53:01
16,les effets de la pilule empoisonnÃ©e du cdg express sur le rerb bien dÃ©crits ici . nous dÃ©nonÃ§ons depuis des annÃ©es â€¦,2020-12-11 10:46:49
17,soyons demain Ã  14h30 pour manifester contre les lois liberticides et contre l ' islamophobie â€¦,2020-12-11 10:43:09
18,encommun on voit qu ' elle prend pas la ligne 4 et le rer b tous les matins .,2020-12-11 07:45:44
19,amis cyclistes usagÃ©s du rer b de ! n ' ayez plus plus peur pour votre beau vÃ©lo . abonnez - vous au pa â€¦,2020-12-11 06:40:30
20,"je suis dans le rer b actuellement , donc non , je ne le sens pas seule ... pas de risque ! mais un mÃ¨tre de di â€¦",2020-12-11 06:40:28
21,le rer b obligÃ© c â€™ est un capricorne . il est lÃ  il fait des phases alors qu â€™ il est mÃªme pas encore 8h,2020-12-11 06:30:15
22,"jb rerb bonjour , alors que la commande des nouvelles rames de rer b n ' est â€¦",2020-12-11 06:05:32
23,de meme rer b,2020-12-10 22:11:19
24,"rediff tous les trains du rer b renouvelÃ©s pour 2 , 5 milliards d â€™ euros",2020-12-10 21:09:21
25,paris hidalgo â€¦,2020-12-10 21:09:11
26,"ben oui , ton abonnement premium rer b finit par faire des envieux",2020-12-10 20:54:11
27,,2020-12-10 19:45:08
28,transilien â€¦,2020-12-10 17:53:58
29,paris hidalgo â€¦,2020-12-10 17:15:51
30,paris hidalgo â€¦,2020-12-10 17:04:51
31,"dites vous thomas il a rÃ©pondu au sondage d â€™ un mec ratp , en Â« ponctualitÃ© du rer b Â» il a mis 10 / 10 , 0 vanne ce mec dort la nuit",2020-12-10 15:54:30
32,nous avons signalÃ© hier en cm que de blr risquait d ' Ãªtre dÃ©connectÃ©e de la future ligne b du rer v â€¦,2020-12-10 15:40:47
33,paris hidalgo â€¦,2020-12-10 15:38:31
34,r94 hidalgo belliard alors il me semble â€¦,2020-12-10 15:07:54
35,"non vraiment si on compte pas les vrai trajet massy chanteloup frere , ligne j , rer a apres rer b pendant les grÃ¨ves â€¦",2020-12-10 13:57:17
36,je suis dans le rer b je le dÃ©teste,2020-12-10 13:53:35
37,asselineau mais c ' est c ' est tout les jours et presque partout antony 92 rer b a 8h15 le quai est plein et le train arrive plein,2020-12-10 12:52:54
38,""" ile - de - france mobilitÃ©s va renouveler tous les trains du rer b pour 2 , 5 milliards d â€™ euros "" ( via ) â€¦",2020-12-10 12:45:09
39,"â“‘ - bagage oubliÃ© â˜ jeudi 10 dÃ©cembre 2020 Ã  10h51 , en raison d ' un bagage oubliÃ© , le trafic est perturbÃ© entre le â€¦",2020-12-10 09:56:08
40,il est 10h38 Ã§a sent le saussiflard dans le rer b,2020-12-10 09:39:11
41,st remy rer â€¦,2020-12-10 08:48:48
42,"ouille non , moi ce n â€™ est plus que sur le rer b que je conduis dÃ©sormais . point de vue dÃ©gÃ¢ts ... vaut mieux qu â€¦",2020-12-10 08:40:30
43,la vdm ya encore des problÃ¨me sur le rer b c le train de l ' enfer jpp,2020-12-10 08:40:15
44,aÃ©roport cdg - paris 15e avec le rer b fermÃ© ( donc dÃ©tour ) sah ce jour lÃ  je suis parti en expÃ©dition rt isma gir75,2020-12-10 07:59:00
45,aÃ©roport cdg - paris 15e avec le rer b fermÃ© ( donc dÃ©tour ) sah ce jour lÃ  je suis parti en expÃ©dition,2020-12-10 07:56:55
46,wsh le rer b il est vla pressÃ© ce matin,2020-12-10 07:38:29
47,bonne nouvelle pour le rer b ! rerb,2020-12-10 07:29:46
48,Ã®le - de - france mobilitÃ©s a votÃ© mercredi le renouvellement de tous les trains de la ligne b du rer . il va cependan â€¦,2020-12-10 07:25:17
49,Ã®le - de - france mobilitÃ©s a votÃ© mercredi le renouvellement de tous les trains de la ligne b du rer . il va cependan â€¦,2020-12-10 07:25:16
50,moi : il faut que j ' arrive tÃ´t au boulot le rer b : en fait non,2020-12-10 07:11:45
51,si chaque jours y â€™ a pas un problÃ¨me sur le rer d et b les gens meurent ou c â€™ est comment vraiment courage ceux qui â€¦,2020-12-10 07:04:52
52,"hier soir , rer b et d . entre la plaine et gare de lyon . panne sur le b . des centaines d ' usagers Ã©lecteu â€¦",2020-12-10 06:53:43
53,"fr hier soir , rer b et d . entre la plaine et gare de lyon . panne sur le b . des centaines d ' usagers Ã©lecte â€¦",2020-12-10 06:51:38
54,,2020-12-10 06:35:14
55,transports franciliens : de nouvelles rames pour remplacer tous les vieux trains du rer b,2020-12-09 20:03:01
56,""" ile - de - france mobilitÃ©s va renouveler tous les trains du rer b pour 2 , 5 milliards d â€™ euros (",2020-12-09 19:57:05
57,kelly je vous suggÃ¨re d â€™ Ãªtre auditionnÃ©e non pas Ã  l â€™ assemblÃ©e nationale mais publiquement dans le rer b â€¦,2020-12-08 12:50:36
58,"bon a cause du rer b , je vais peut Ãªtre arriver en retard pour le 2eme jours de taff rt link8894",2020-12-08 09:11:38
59,pourquoi le rer b est rempli ? genre vous avez tous un taf la ? le chomage c â€™ est un mythe pardonnez moi .,2020-12-08 07:59:13
60,ah ouais le rer b qui bande de bon matin c ' est carrÃ©,2020-12-08 07:59:03
61,"bonjour , sur l â€™ application sncf il est indiquÃ© qu â€™ il y a aucun rer b en circulation . y a t - il bien des port r â€¦",2020-12-08 05:52:09
62,rerb faride mÃªme niveau point de vue voyageur prendre de grosses valises pour les â€¦,2020-12-07 20:39:14
63,nowplaying dexter goldberg trio - rer b rer b dexter goldberg trio,2020-12-07 18:43:02
64,ma phobie : rer b chÃ¢telet a drancy,2020-12-07 17:31:52
65,rerb faride exceptÃ© une meilleure desserte locale ( branche mitry Ã  aÃ©roport cdg ) Ã§ â€¦,2020-12-07 17:24:26
66,"â“‘ - signal d ' alarme â˜ lundi 7 dÃ©cembre 2020 Ã  18h17 , en raison d ' un actionnement d ' un signal d ' alarme , le trafic â€¦",2020-12-07 17:22:46
67,"ï¸ en raison d ' un bagage oubliÃ© Ã  quai , les trains ne marquent pas l ' arrÃªt en gare de luxembourg dans les deux sen â€¦",2020-12-07 16:56:45
68,peray julien a ma connaissance si : â€œ le dÃ©raillement d â€™ une rame d â€¦,2020-12-07 16:52:50
69,m77 peray julien maintenant le rer b en question Ã©tait visiblement en prov â€¦,2020-12-07 16:49:30
70,m77 peray julien maintenant le rer b en question Ã©tait visiblement en prov â€¦,2020-12-07 16:47:43
71,azii le rer b c â€™ est une glr,2020-12-07 16:45:57
72,"m77 peray julien Ã©tonnant , donc Ã  brÃ©tigny - sur - orge , si le train roulait p â€¦",2020-12-07 16:30:33
73,"4 / 5 itinÃ©raires alternatifs : pour vos trajets entre paris et le sud de la ligne , nous vous conseillons de p â€¦",2020-12-07 16:15:19
74,bonjour je n ' arrive pas Ã  savoir si le rer b fonctionne normalement demain . pouvez vous m ' aider svp et me dir â€¦,2020-12-07 16:14:28
75,jupiterbis gov je rÃ©pÃ¨te souvent que c ' est l ' impÃ©rialisme qui engendre du terrorisme . je peux ajouter â€¦,2020-12-07 15:55:13
76,la bas j etais perdu de base je prends le rer b,2020-12-07 15:47:47
77,"yoyo fr pour rÃ©pondre Ã  quel besoin ? de plus , le rer b sera connectÃ© Ã  la ligne 16 et Ã  la 15 Ã  terme",2020-12-07 13:34:04
78,grande inquiÃ¨tude pour le rer b : la commande des nouveaux trains est menacÃ©e par la mauvaise volontÃ© de la ratp et â€¦,2020-12-07 12:06:22
79,j â€™ ai rer a + rer b,2020-12-07 12:05:01
80,fallu encore attendre une procÃ©dure d appel d offre et attendre la mise en industrie qui intervient que maintenant â€¦,2020-12-07 10:12:10
81,"tiens , y a ni auber rer a , ni les halles rer b poke",2020-12-07 10:10:35
82,"franchement monsieur , vous qui Ãªtes de saint denis vous pouvez remercier la rÃ©gion , rer â€¦",2020-12-07 09:39:56
83,pouvez - vous mettre un lien qui fonctionne ..... le rer b un laxisme depuis des annÃ©es nous pouvons r â€¦,2020-12-07 09:07:52
84,,2020-12-07 08:18:43
85,vari cdg express va avoir des consÃ©quences sur les usagers du rer b . Ã§a on s â€™ en doute car sncf rÃ©seau a tou â€¦,2020-12-06 23:45:44
86,transports en ile - de - france : avis de tempÃªte sur le rer b - le parisien,2020-12-06 22:23:09
87,rerb faride c ' est vrai mais le temps de parcours a pris cher au fil des ans surtou â€¦,2020-12-06 22:01:27
88,"jb bah y ' a pas rien lÃ  , y ' a au moins deux options . on peut â€¦",2020-12-06 21:10:37
89,transports en ile - de - france : avis de tempÃªte sur le rer b - le parisien,2020-12-06 19:38:03
90,,2020-12-06 17:10:49
91,le rer b c â€™ est grv dla merde mais il me manque quand mÃªme,2020-12-06 16:43:42
92,"Â« par exemple , le pont de soissons , Ã  saint - denis , doit Ãªtre refait pour accueillir le cdg express , mais aussi les â€¦",2020-12-06 16:27:03
93,,2020-12-06 16:25:14
94,"Â« par exemple , le pont de soissons , Ã  saint - denis , doit Ãªtre refait pour accueillir le cdg express , mais aussi les â€¦",2020-12-06 16:24:44
95,transports en ile - de - france : avis de tempÃªte sur le rer b ï¸,2020-12-06 16:15:53
96,"je prend le rer b , all my ptsd are coming back to me",2020-12-06 13:10:50
97,rer b,2020-12-06 10:33:57
98,pas de rer b ce dimanche,2020-12-06 07:52:22
99,timpe non parce que lÃ  ratp c â€™ est juste les mÃ©tros et le rer a et b le reste c â€™ est sncf,2020-12-05 23:26:24
100,"incident en gare du nord : trafic interrompu sur le rer b et le rer d , fortes perturbations rt ffranouche",2020-12-05 19:41:20
101,usagersidf tout Ã  fait d â€™ accord : un bus en site propre cadencÃ© sur la frÃ©quentation serait suffisant et acce â€¦,2020-12-05 09:38:40
102,lambert75 rer b sud c ' est lamentable,2020-12-05 09:26:17
103,dites vous hier je devais descendre au blanc - mesnil je me suis trompÃ© de rer b je suis allÃ© Ã  charles - de - gaulle c â€™ Ã©tait un direct imaginez ğŸ¥²,2020-12-05 09:01:09
104,les joies du rer b,2020-12-04 22:58:05
105,"â“‘ - panne d ' un train â˜ vendredi 4 dÃ©cembre 2020 Ã  17h00 , en raison d ' un train en panne , le trafic est perturbÃ© de â€¦",2020-12-04 16:03:51
106,ce bon vieux rer b,2020-12-04 15:12:33
107,na mais attend j ' vien de rÃ©flÃ©chir t ' as pris ta pdp dans le rer b ou j ' reve ?,2020-12-04 12:03:41
108,le meilleur rer c â€™ est vraiment le b,2020-12-04 11:06:32
109,le rer b Ã§a fait 1 semaine il est Ã  l â€™ approche fout la haine,2020-12-04 09:53:55
110,"â“‘ - travaux ( 1 ) â˜ ( rer b ) Ã  partir du 04 / 12 / 20 , le trafic sera interrompu entre aulnay et aeroport charles de gau â€¦",2020-12-04 09:04:40
111,"tm seuls ceux qui prennent le rer b peuvent devenir champions sur tm , regardes le grand",2020-12-04 08:25:31
112,papou j ' prÃ©fÃ©rais Ãªtre dans mon lit qu ' en train d ' attendre mon rer b Ã  chÃ¢telet n ' empÃªche,2020-12-04 07:14:09
113,le rer b si y â€™ a pas un problÃ¨me par jour ils meurent,2020-12-04 06:36:34
114,"incident en garedunord : le trafic a Ã©tÃ© interrompu sur le rerb et sur le rerd , avant de reprendre vers 6h30 . de â€¦",2020-12-04 05:37:36
115,en france on produit Ã  la pelle des mÃ©dailles fields mais les gamins sont derniers de la classe en mathÃ©matiques .â€¦,2020-12-08 14:54:39
116,la premiÃ¨re fois que j â€™ ai Ã©tÃ© chez julien y â€™ a un mec qui s â€™ est mit Ã  fumer du crack dans le rer b devant nous j â€™ Ã©ta â€¦,2020-12-08 14:38:06
117,kelly je vous suggÃ¨re d â€™ Ãªtre auditionnÃ©e non pas Ã  l â€™ assemblÃ©e nationale mais publiquement dans le rer b â€¦,2020-12-08 12:50:36
118,"bon a cause du rer b , je vais peut Ãªtre arriver en retard pour le 2eme jours de taff rt link8894",2020-12-08 09:11:38
119,pourquoi le rer b est rempli ? genre vous avez tous un taf la ? le chomage c â€™ est un mythe pardonnez moi .,2020-12-08 07:59:13
120,ah ouais le rer b qui bande de bon matin c ' est carrÃ©,2020-12-08 07:59:03
121,"bonjour , sur l â€™ application sncf il est indiquÃ© qu â€™ il y a aucun rer b en circulation . y a t - il bien des port r â€¦",2020-12-08 05:52:09
122,rerb faride mÃªme niveau point de vue voyageur prendre de grosses valises pour les â€¦,2020-12-07 20:39:14
123,nowplaying dexter goldberg trio - rer b rer b dexter goldberg trio,2020-12-07 18:43:02
124,ma phobie : rer b chÃ¢telet a drancy,2020-12-07 17:31:52
125,rerb faride exceptÃ© une meilleure desserte locale ( branche mitry Ã  aÃ©roport cdg ) Ã§ â€¦,2020-12-07 17:24:26
126,"â“‘ - signal d ' alarme â˜ lundi 7 dÃ©cembre 2020 Ã  18h17 , en raison d ' un actionnement d ' un signal d ' alarme , le trafic â€¦",2020-12-07 17:22:46
127,"ï¸ en raison d ' un bagage oubliÃ© Ã  quai , les trains ne marquent pas l ' arrÃªt en gare de luxembourg dans les deux sen â€¦",2020-12-07 16:56:45
128,peray julien a ma connaissance si : â€œ le dÃ©raillement d â€™ une rame d â€¦,2020-12-07 16:52:50
129,m77 peray julien maintenant le rer b en question Ã©tait visiblement en prov â€¦,2020-12-07 16:49:30
130,m77 peray julien maintenant le rer b en question Ã©tait visiblement en prov â€¦,2020-12-07 16:47:43
131,azii le rer b c â€™ est une glr,2020-12-07 16:45:57
132,"m77 peray julien Ã©tonnant , donc Ã  brÃ©tigny - sur - orge , si le train roulait p â€¦",2020-12-07 16:30:33
133,"4 / 5 itinÃ©raires alternatifs : pour vos trajets entre paris et le sud de la ligne , nous vous conseillons de p â€¦",2020-12-07 16:15:19
134,bonjour je n ' arrive pas Ã  savoir si le rer b fonctionne normalement demain . pouvez vous m ' aider svp et me dir â€¦,2020-12-07 16:14:28
135,jupiterbis gov je rÃ©pÃ¨te souvent que c ' est l ' impÃ©rialisme qui engendre du terrorisme . je peux ajouter â€¦,2020-12-07 15:55:13
136,la bas j etais perdu de base je prends le rer b,2020-12-07 15:47:47
137,"yoyo fr pour rÃ©pondre Ã  quel besoin ? de plus , le rer b sera connectÃ© Ã  la ligne 16 et Ã  la 15 Ã  terme",2020-12-07 13:34:04
138,grande inquiÃ¨tude pour le rer b : la commande des nouveaux trains est menacÃ©e par la mauvaise volontÃ© de la ratp et â€¦,2020-12-07 12:06:22
139,j â€™ ai rer a + rer b,2020-12-07 12:05:01
140,fallu encore attendre une procÃ©dure d appel d offre et attendre la mise en industrie qui intervient que maintenant â€¦,2020-12-07 10:12:10
141,"tiens , y a ni auber rer a , ni les halles rer b poke",2020-12-07 10:10:35
142,"franchement monsieur , vous qui Ãªtes de saint denis vous pouvez remercier la rÃ©gion , rer â€¦",2020-12-07 09:39:56
143,pouvez - vous mettre un lien qui fonctionne ..... le rer b un laxisme depuis des annÃ©es nous pouvons r â€¦,2020-12-07 09:07:52
144,,2020-12-07 08:18:43
145,vari cdg express va avoir des consÃ©quences sur les usagers du rer b . Ã§a on s â€™ en doute car sncf rÃ©seau a tou â€¦,2020-12-06 23:45:44
146,transports en ile - de - france : avis de tempÃªte sur le rer b - le parisien,2020-12-06 22:23:09
147,rerb faride c ' est vrai mais le temps de parcours a pris cher au fil des ans surtou â€¦,2020-12-06 22:01:27
148,"jb bah y ' a pas rien lÃ  , y ' a au moins deux options . on peut â€¦",2020-12-06 21:10:37
149,transports en ile - de - france : avis de tempÃªte sur le rer b - le parisien,2020-12-06 19:38:03
150,,2020-12-06 17:10:49
151,le rer b c â€™ est grv dla merde mais il me manque quand mÃªme,2020-12-06 16:43:42
152,"Â« par exemple , le pont de soissons , Ã  saint - denis , doit Ãªtre refait pour accueillir le cdg express , mais aussi les â€¦",2020-12-06 16:27:03
153,,2020-12-06 16:25:14
154,"Â« par exemple , le pont de soissons , Ã  saint - denis , doit Ãªtre refait pour accueillir le cdg express , mais aussi les â€¦",2020-12-06 16:24:44
155,transports en ile - de - france : avis de tempÃªte sur le rer b - le parisien paris transport ratp rer transilien â€¦,2020-12-06 16:16:26
156,transports en ile - de - france : avis de tempÃªte sur le rer b ï¸,2020-12-06 16:15:53
157,"je prend le rer b , all my ptsd are coming back to me",2020-12-06 13:10:50
158,rer b,2020-12-06 10:33:57
159,pas de rer b ce dimanche,2020-12-06 07:52:22
160,timpe non parce que lÃ  ratp c â€™ est juste les mÃ©tros et le rer a et b le reste c â€™ est sncf,2020-12-05 23:26:24
161,"incident en gare du nord : trafic interrompu sur le rer b et le rer d , fortes perturbations rt ffranouche",2020-12-05 19:41:20
162,usagersidf tout Ã  fait d â€™ accord : un bus en site propre cadencÃ© sur la frÃ©quentation serait suffisant et acce â€¦,2020-12-05 09:38:40
163,lambert75 rer b sud c ' est lamentable,2020-12-05 09:26:17
164,dites vous hier je devais descendre au blanc - mesnil je me suis trompÃ© de rer b je suis allÃ© Ã  charles - de - gaulle c â€™ Ã©tait un direct imaginez ğŸ¥²,2020-12-05 09:01:09
165,les joies du rer b,2020-12-04 22:58:05
166,"â“‘ - panne d ' un train â˜ vendredi 4 dÃ©cembre 2020 Ã  17h00 , en raison d ' un train en panne , le trafic est perturbÃ© de â€¦",2020-12-04 16:03:51
167,ce bon vieux rer b,2020-12-04 15:12:33
168,na mais attend j ' vien de rÃ©flÃ©chir t ' as pris ta pdp dans le rer b ou j ' reve ?,2020-12-04 12:03:41
169,le meilleur rer c â€™ est vraiment le b,2020-12-04 11:06:32
170,le rer b Ã§a fait 1 semaine il est Ã  l â€™ approche fout la haine,2020-12-04 09:53:55
171,"â“‘ - travaux ( 1 ) â˜ ( rer b ) Ã  partir du 04 / 12 / 20 , le trafic sera interrompu entre aulnay et aeroport charles de gau â€¦",2020-12-04 09:04:40
172,"tm seuls ceux qui prennent le rer b peuvent devenir champions sur tm , regardes le grand",2020-12-04 08:25:31
173,papou j ' prÃ©fÃ©rais Ãªtre dans mon lit qu ' en train d ' attendre mon rer b Ã  chÃ¢telet n ' empÃªche,2020-12-04 07:14:09
174,le rer b si y â€™ a pas un problÃ¨me par jour ils meurent,2020-12-04 06:36:34
175,en france on produit Ã  la pelle des mÃ©dailles fields mais les gamins sont derniers de la classe en mathÃ©matiques .â€¦,2020-12-08 14:54:39
176,la premiÃ¨re fois que j â€™ ai Ã©tÃ© chez julien y â€™ a un mec qui s â€™ est mit Ã  fumer du crack dans le rer b devant nous j â€™ Ã©ta â€¦,2020-12-08 14:38:06
177,kelly je vous suggÃ¨re d â€™ Ãªtre auditionnÃ©e non pas Ã  l â€™ assemblÃ©e nationale mais publiquement dans le rer b â€¦,2020-12-08 12:50:36
178,"bon a cause du rer b , je vais peut Ãªtre arriver en retard pour le 2eme jours de taff rt link8894",2020-12-08 09:11:38
179,pourquoi le rer b est rempli ? genre vous avez tous un taf la ? le chomage c â€™ est un mythe pardonnez moi .,2020-12-08 07:59:13
180,ah ouais le rer b qui bande de bon matin c ' est carrÃ©,2020-12-08 07:59:03
181,"bonjour , sur l â€™ application sncf il est indiquÃ© qu â€™ il y a aucun rer b en circulation . y a t - il bien des port r â€¦",2020-12-08 05:52:09
182,rerb faride mÃªme niveau point de vue voyageur prendre de grosses valises pour les â€¦,2020-12-07 20:39:14
183,nowplaying dexter goldberg trio - rer b rer b dexter goldberg trio,2020-12-07 18:43:02
184,ma phobie : rer b chÃ¢telet a drancy,2020-12-07 17:31:52
185,rerb faride exceptÃ© une meilleure desserte locale ( branche mitry Ã  aÃ©roport cdg ) Ã§ â€¦,2020-12-07 17:24:26
186,"â“‘ - signal d ' alarme â˜ lundi 7 dÃ©cembre 2020 Ã  18h17 , en raison d ' un actionnement d ' un signal d ' alarme , le trafic â€¦",2020-12-07 17:22:46
187,"ï¸ en raison d ' un bagage oubliÃ© Ã  quai , les trains ne marquent pas l ' arrÃªt en gare de luxembourg dans les deux sen â€¦",2020-12-07 16:56:45
188,peray julien a ma connaissance si : â€œ le dÃ©raillement d â€™ une rame d â€¦,2020-12-07 16:52:50
189,m77 peray julien maintenant le rer b en question Ã©tait visiblement en prov â€¦,2020-12-07 16:49:30
190,m77 peray julien maintenant le rer b en question Ã©tait visiblement en prov â€¦,2020-12-07 16:47:43
191,azii le rer b c â€™ est une glr,2020-12-07 16:45:57
192,"m77 peray julien Ã©tonnant , donc Ã  brÃ©tigny - sur - orge , si le train roulait p â€¦",2020-12-07 16:30:33
193,"4 / 5 itinÃ©raires alternatifs : pour vos trajets entre paris et le sud de la ligne , nous vous conseillons de p â€¦",2020-12-07 16:15:19
194,bonjour je n ' arrive pas Ã  savoir si le rer b fonctionne normalement demain . pouvez vous m ' aider svp et me dir â€¦,2020-12-07 16:14:28
195,jupiterbis gov je rÃ©pÃ¨te souvent que c ' est l ' impÃ©rialisme qui engendre du terrorisme . je peux ajouter â€¦,2020-12-07 15:55:13
196,la bas j etais perdu de base je prends le rer b,2020-12-07 15:47:47
197,"yoyo fr pour rÃ©pondre Ã  quel besoin ? de plus , le rer b sera connectÃ© Ã  la ligne 16 et Ã  la 15 Ã  terme",2020-12-07 13:34:04
198,grande inquiÃ¨tude pour le rer b : la commande des nouveaux trains est menacÃ©e par la mauvaise volontÃ© de la ratp et â€¦,2020-12-07 12:06:22
199,j â€™ ai rer a + rer b,2020-12-07 12:05:01
200,fallu encore attendre une procÃ©dure d appel d offre et attendre la mise en industrie qui intervient que maintenant â€¦,2020-12-07 10:12:10
201,"tiens , y a ni auber rer a , ni les halles rer b poke",2020-12-07 10:10:35
202,"franchement monsieur , vous qui Ãªtes de saint denis vous pouvez remercier la rÃ©gion , rer â€¦",2020-12-07 09:39:56
203,pouvez - vous mettre un lien qui fonctionne ..... le rer b un laxisme depuis des annÃ©es nous pouvons r â€¦,2020-12-07 09:07:52
204,,2020-12-07 08:18:43
205,vari cdg express va avoir des consÃ©quences sur les usagers du rer b . Ã§a on s â€™ en doute car sncf rÃ©seau a tou â€¦,2020-12-06 23:45:44
206,transports en ile - de - france : avis de tempÃªte sur le rer b - le parisien,2020-12-06 22:23:09
207,rerb faride c ' est vrai mais le temps de parcours a pris cher au fil des ans surtou â€¦,2020-12-06 22:01:27
208,"jb bah y ' a pas rien lÃ  , y ' a au moins deux options . on peut â€¦",2020-12-06 21:10:37
209,transports en ile - de - france : avis de tempÃªte sur le rer b - le parisien,2020-12-06 19:38:03
210,,2020-12-06 17:10:49
211,le rer b c â€™ est grv dla merde mais il me manque quand mÃªme,2020-12-06 16:43:42
212,"Â« par exemple , le pont de soissons , Ã  saint - denis , doit Ãªtre refait pour accueillir le cdg express , mais aussi les â€¦",2020-12-06 16:27:03
213,,2020-12-06 16:25:14
214,"Â« par exemple , le pont de soissons , Ã  saint - denis , doit Ãªtre refait pour accueillir le cdg express , mais aussi les â€¦",2020-12-06 16:24:44
215,transports en ile - de - france : avis de tempÃªte sur le rer b - le parisien paris transport ratp rer transilien â€¦,2020-12-06 16:16:26
216,transports en ile - de - france : avis de tempÃªte sur le rer b ï¸,2020-12-06 16:15:53
217,"je prend le rer b , all my ptsd are coming back to me",2020-12-06 13:10:50
218,rer b,2020-12-06 10:33:57
219,pas de rer b ce dimanche,2020-12-06 07:52:22
220,timpe non parce que lÃ  ratp c â€™ est juste les mÃ©tros et le rer a et b le reste c â€™ est sncf,2020-12-05 23:26:24
221,"incident en gare du nord : trafic interrompu sur le rer b et le rer d , fortes perturbations rt ffranouche",2020-12-05 19:41:20
222,usagersidf tout Ã  fait d â€™ accord : un bus en site propre cadencÃ© sur la frÃ©quentation serait suffisant et acce â€¦,2020-12-05 09:38:40
223,lambert75 rer b sud c ' est lamentable,2020-12-05 09:26:17
224,dites vous hier je devais descendre au blanc - mesnil je me suis trompÃ© de rer b je suis allÃ© Ã  charles - de - gaulle c â€™ Ã©tait un direct imaginez ğŸ¥²,2020-12-05 09:01:09
225,les joies du rer b,2020-12-04 22:58:05
226,"â“‘ - panne d ' un train â˜ vendredi 4 dÃ©cembre 2020 Ã  17h00 , en raison d ' un train en panne , le trafic est perturbÃ© de â€¦",2020-12-04 16:03:51
227,ce bon vieux rer b,2020-12-04 15:12:33
228,na mais attend j ' vien de rÃ©flÃ©chir t ' as pris ta pdp dans le rer b ou j ' reve ?,2020-12-04 12:03:41
229,le meilleur rer c â€™ est vraiment le b,2020-12-04 11:06:32
230,le rer b Ã§a fait 1 semaine il est Ã  l â€™ approche fout la haine,2020-12-04 09:53:55
231,"â“‘ - travaux ( 1 ) â˜ ( rer b ) Ã  partir du 04 / 12 / 20 , le trafic sera interrompu entre aulnay et aeroport charles de gau â€¦",2020-12-04 09:04:40
232,"tm seuls ceux qui prennent le rer b peuvent devenir champions sur tm , regardes le grand",2020-12-04 08:25:31
233,papou j ' prÃ©fÃ©rais Ãªtre dans mon lit qu ' en train d ' attendre mon rer b Ã  chÃ¢telet n ' empÃªche,2020-12-04 07:14:09
234,le rer b si y â€™ a pas un problÃ¨me par jour ils meurent,2020-12-04 06:36:34
235,en france on produit Ã  la pelle des mÃ©dailles fields mais les gamins sont derniers de la classe en mathÃ©matiques .â€¦,2020-12-08 14:54:39
236,la premiÃ¨re fois que j â€™ ai Ã©tÃ© chez julien y â€™ a un mec qui s â€™ est mit Ã  fumer du crack dans le rer b devant nous j â€™ Ã©ta â€¦,2020-12-08 14:38:06
237,kelly je vous suggÃ¨re d â€™ Ãªtre auditionnÃ©e non pas Ã  l â€™ assemblÃ©e nationale mais publiquement dans le rer b â€¦,2020-12-08 12:50:36
238,"bon a cause du rer b , je vais peut Ãªtre arriver en retard pour le 2eme jours de taff rt link8894",2020-12-08 09:11:38
239,pourquoi le rer b est rempli ? genre vous avez tous un taf la ? le chomage c â€™ est un mythe pardonnez moi .,2020-12-08 07:59:13
240,ah ouais le rer b qui bande de bon matin c ' est carrÃ©,2020-12-08 07:59:03
241,"bonjour , sur l â€™ application sncf il est indiquÃ© qu â€™ il y a aucun rer b en circulation . y a t - il bien des port r â€¦",2020-12-08 05:52:09
242,rerb faride mÃªme niveau point de vue voyageur prendre de grosses valises pour les â€¦,2020-12-07 20:39:14
243,nowplaying dexter goldberg trio - rer b rer b dexter goldberg trio,2020-12-07 18:43:02
244,ma phobie : rer b chÃ¢telet a drancy,2020-12-07 17:31:52
245,rerb faride exceptÃ© une meilleure desserte locale ( branche mitry Ã  aÃ©roport cdg ) Ã§ â€¦,2020-12-07 17:24:26
246,"â“‘ - signal d ' alarme â˜ lundi 7 dÃ©cembre 2020 Ã  18h17 , en raison d ' un actionnement d ' un signal d ' alarme , le trafic â€¦",2020-12-07 17:22:46
247,"ï¸ en raison d ' un bagage oubliÃ© Ã  quai , les trains ne marquent pas l ' arrÃªt en gare de luxembourg dans les deux sen â€¦",2020-12-07 16:56:45
248,peray julien a ma connaissance si : â€œ le dÃ©raillement d â€™ une rame d â€¦,2020-12-07 16:52:50
249,m77 peray julien maintenant le rer b en question Ã©tait visiblement en prov â€¦,2020-12-07 16:49:30
250,m77 peray julien maintenant le rer b en question Ã©tait visiblement en prov â€¦,2020-12-07 16:47:43
251,azii le rer b c â€™ est une glr,2020-12-07 16:45:57
252,"m77 peray julien Ã©tonnant , donc Ã  brÃ©tigny - sur - orge , si le train roulait p â€¦",2020-12-07 16:30:33
253,"4 / 5 itinÃ©raires alternatifs : pour vos trajets entre paris et le sud de la ligne , nous vous conseillons de p â€¦",2020-12-07 16:15:19
254,bonjour je n ' arrive pas Ã  savoir si le rer b fonctionne normalement demain . pouvez vous m ' aider svp et me dir â€¦,2020-12-07 16:14:28
255,jupiterbis gov je rÃ©pÃ¨te souvent que c ' est l ' impÃ©rialisme qui engendre du terrorisme . je peux ajouter â€¦,2020-12-07 15:55:13
256,la bas j etais perdu de base je prends le rer b,2020-12-07 15:47:47
257,"yoyo fr pour rÃ©pondre Ã  quel besoin ? de plus , le rer b sera connectÃ© Ã  la ligne 16 et Ã  la 15 Ã  terme",2020-12-07 13:34:04
258,grande inquiÃ¨tude pour le rer b : la commande des nouveaux trains est menacÃ©e par la mauvaise volontÃ© de la ratp et â€¦,2020-12-07 12:06:22
259,j â€™ ai rer a + rer b,2020-12-07 12:05:01
260,fallu encore attendre une procÃ©dure d appel d offre et attendre la mise en industrie qui intervient que maintenant â€¦,2020-12-07 10:12:10
261,"tiens , y a ni auber rer a , ni les halles rer b poke",2020-12-07 10:10:35
262,"franchement monsieur , vous qui Ãªtes de saint denis vous pouvez remercier la rÃ©gion , rer â€¦",2020-12-07 09:39:56
263,pouvez - vous mettre un lien qui fonctionne ..... le rer b un laxisme depuis des annÃ©es nous pouvons r â€¦,2020-12-07 09:07:52
264,,2020-12-07 08:18:43
265,vari cdg express va avoir des consÃ©quences sur les usagers du rer b . Ã§a on s â€™ en doute car sncf rÃ©seau a tou â€¦,2020-12-06 23:45:44
266,transports en ile - de - france : avis de tempÃªte sur le rer b - le parisien,2020-12-06 22:23:09
267,rerb faride c ' est vrai mais le temps de parcours a pris cher au fil des ans surtou â€¦,2020-12-06 22:01:27
268,"jb bah y ' a pas rien lÃ  , y ' a au moins deux options . on peut â€¦",2020-12-06 21:10:37
269,transports en ile - de - france : avis de tempÃªte sur le rer b - le parisien,2020-12-06 19:38:03
270,,2020-12-06 17:10:49
271,le rer b c â€™ est grv dla merde mais il me manque quand mÃªme,2020-12-06 16:43:42
272,"Â« par exemple , le pont de soissons , Ã  saint - denis , doit Ãªtre refait pour accueillir le cdg express , mais aussi les â€¦",2020-12-06 16:27:03
273,,2020-12-06 16:25:14
274,"Â« par exemple , le pont de soissons , Ã  saint - denis , doit Ãªtre refait pour accueillir le cdg express , mais aussi les â€¦",2020-12-06 16:24:44
275,transports en ile - de - france : avis de tempÃªte sur le rer b - le parisien paris transport ratp rer transilien â€¦,2020-12-06 16:16:26
276,transports en ile - de - france : avis de tempÃªte sur le rer b ï¸,2020-12-06 16:15:53
277,"je prend le rer b , all my ptsd are coming back to me",2020-12-06 13:10:50
278,rer b,2020-12-06 10:33:57
279,pas de rer b ce dimanche,2020-12-06 07:52:22
280,timpe non parce que lÃ  ratp c â€™ est juste les mÃ©tros et le rer a et b le reste c â€™ est sncf,2020-12-05 23:26:24
281,"incident en gare du nord : trafic interrompu sur le rer b et le rer d , fortes perturbations rt ffranouche",2020-12-05 19:41:20
282,usagersidf tout Ã  fait d â€™ accord : un bus en site propre cadencÃ© sur la frÃ©quentation serait suffisant et acce â€¦,2020-12-05 09:38:40
283,lambert75 rer b sud c ' est lamentable,2020-12-05 09:26:17
284,dites vous hier je devais descendre au blanc - mesnil je me suis trompÃ© de rer b je suis allÃ© Ã  charles - de - gaulle c â€™ Ã©tait un direct imaginez ğŸ¥²,2020-12-05 09:01:09
285,les joies du rer b,2020-12-04 22:58:05
286,"â“‘ - panne d ' un train â˜ vendredi 4 dÃ©cembre 2020 Ã  17h00 , en raison d ' un train en panne , le trafic est perturbÃ© de â€¦",2020-12-04 16:03:51
287,ce bon vieux rer b,2020-12-04 15:12:33
288,na mais attend j ' vien de rÃ©flÃ©chir t ' as pris ta pdp dans le rer b ou j ' reve ?,2020-12-04 12:03:41
289,le meilleur rer c â€™ est vraiment le b,2020-12-04 11:06:32
290,le rer b Ã§a fait 1 semaine il est Ã  l â€™ approche fout la haine,2020-12-04 09:53:55
291,"â“‘ - travaux ( 1 ) â˜ ( rer b ) Ã  partir du 04 / 12 / 20 , le trafic sera interrompu entre aulnay et aeroport charles de gau â€¦",2020-12-04 09:04:40
292,"tm seuls ceux qui prennent le rer b peuvent devenir champions sur tm , regardes le grand",2020-12-04 08:25:31
293,papou j ' prÃ©fÃ©rais Ãªtre dans mon lit qu ' en train d ' attendre mon rer b Ã  chÃ¢telet n ' empÃªche,2020-12-04 07:14:09
294,le rer b si y â€™ a pas un problÃ¨me par jour ils meurent,2020-12-04 06:36:34
295,rer b et d c ' est clairement les portes des enfers !!!!,2020-12-09 09:02:59
296,- bilancirculations du mardi 08 / 12 / 2020 sur le rÃ©seau transilien : â retard record : 1h12 ( rer b ) ponctualitÃ© â€¦,2020-12-09 08:45:28
297,la photo dans le rer b ++++++,2020-12-09 08:30:31
298,de quel droit vous m ' affirmez que je ne prends pas le mÃ©tro ? et comme p â€¦,2020-12-09 07:37:10
299,je ne travaille pas dans le 16eme je parle du mÃ©tro je ne connais pas l â€¦,2020-12-09 07:35:43
300,le rer b vide Ã  8h sah quel plaisir,2020-12-09 06:59:22
301,jss dans le rer b y a mieux comme rÃ©veil quand mm,2020-12-09 06:12:29
302,jss dans le rer b et tu te plains ?,2020-12-09 06:12:00
303,un suicide Ã  villeparisis provoque de grosses perturbations sur le rer b entre aulnay - sous - bois et mitry - claye â€¦,2020-12-08 22:15:45
304,un suicide Ã  villeparisis provoque de grosses perturbations sur le rer b entre aulnay - sous - bois et mitry - claye,2020-12-08 22:14:38
305,evry Ã  les ulis . Ã§a prend 28 min par voiture mais 2h par train s â€™ il y a aucune interruption . faut changer rer d -& gt ;â€¦,2020-12-08 21:27:56
306,evry Ã  les ulis . Ã§a prend 28 min par voiture mais 2h par train sans interruption . faut changer rer d -& amp ; gt ; rer c -& amp ;â€¦,2020-12-08 21:24:06
307,"bonsoir il n â€™ y a ni accident , ni incident c â€™ est le chantier de cdg qui commence Ã  21h et les responsables de â€¦",2020-12-08 21:06:32
308,"â“‘ - accident de personne â˜ mardi 8 dÃ©cembre 2020 Ã  21h14 , en raison d ' un accident grave de personne , le trafic es â€¦",2020-12-08 20:16:38
309,"â“‘ - incident d ' exploitation â˜ mardi 8 dÃ©cembre 2020 Ã  20h25 , en raison d ' un incident d ' exploitation , le trafic es â€¦",2020-12-08 19:31:01
310,"les 3 jours de partiel la semaine prochaine , 3 jours consÃ©cutifs de rÃ©veil Ã  6h , de froid , 3 jours consÃ©cutifs de r â€¦",2020-12-08 19:28:32
311,""" ohlala c ' est dur de prendre le rer "" grosse timpe , j ' ai dÃ» prendre la a , b , c et d pour venir",2020-12-08 17:43:18
312,verriÃ¨res le buisson pour un date . rer b jusqu â€™ a antony + un bus pour finir la bad rt simonlecitron,2020-12-08 17:39:26
313,"blanc mesnil - nanterre plus de rer b . bus de remplacement , de surcroÃ®t tÃ©lÃ©phone sans batterie 3h de trajet pas â€¦",2020-12-08 17:03:41
314,fuck le rer b vraiment . que des clochard dans ce putin de train,2020-12-08 16:37:42
315,le rer b en heure de pointe t â€™ as vraiment peur,2020-12-08 16:33:09
316,en france on produit Ã  la pelle des mÃ©dailles fields mais les gamins sont derniers de la classe en mathÃ©matiques .â€¦,2020-12-08 14:54:39
317,la premiÃ¨re fois que j â€™ ai Ã©tÃ© chez julien y â€™ a un mec qui s â€™ est mit Ã  fumer du crack dans le rer b devant nous j â€™ Ã©ta â€¦,2020-12-08 14:38:06
318,kelly je vous suggÃ¨re d â€™ Ãªtre auditionnÃ©e non pas Ã  l â€™ assemblÃ©e nationale mais publiquement dans le rer b â€¦,2020-12-08 12:50:36
319,"bon a cause du rer b , je vais peut Ãªtre arriver en retard pour le 2eme jours de taff rt link8894",2020-12-08 09:11:38
320,pourquoi le rer b est rempli ? genre vous avez tous un taf la ? le chomage c â€™ est un mythe pardonnez moi .,2020-12-08 07:59:13
321,ah ouais le rer b qui bande de bon matin c ' est carrÃ©,2020-12-08 07:59:03
322,"bonjour , sur l â€™ application sncf il est indiquÃ© qu â€™ il y a aucun rer b en circulation . y a t - il bien des port r â€¦",2020-12-08 05:52:09
323,rerb faride mÃªme niveau point de vue voyageur prendre de grosses valises pour les â€¦,2020-12-07 20:39:14
324,nowplaying dexter goldberg trio - rer b rer b dexter goldberg trio,2020-12-07 18:43:02
325,ma phobie : rer b chÃ¢telet a drancy,2020-12-07 17:31:52
326,rerb faride exceptÃ© une meilleure desserte locale ( branche mitry Ã  aÃ©roport cdg ) Ã§ â€¦,2020-12-07 17:24:26
327,"â“‘ - signal d ' alarme â˜ lundi 7 dÃ©cembre 2020 Ã  18h17 , en raison d ' un actionnement d ' un signal d ' alarme , le trafic â€¦",2020-12-07 17:22:46
328,"ï¸ en raison d ' un bagage oubliÃ© Ã  quai , les trains ne marquent pas l ' arrÃªt en gare de luxembourg dans les deux sen â€¦",2020-12-07 16:56:45
329,peray julien a ma connaissance si : â€œ le dÃ©raillement d â€™ une rame d â€¦,2020-12-07 16:52:50
330,m77 peray julien maintenant le rer b en question Ã©tait visiblement en prov â€¦,2020-12-07 16:49:30
331,m77 peray julien maintenant le rer b en question Ã©tait visiblement en prov â€¦,2020-12-07 16:47:43
332,azii le rer b c â€™ est une glr,2020-12-07 16:45:57
333,"m77 peray julien Ã©tonnant , donc Ã  brÃ©tigny - sur - orge , si le train roulait p â€¦",2020-12-07 16:30:33
334,"4 / 5 itinÃ©raires alternatifs : pour vos trajets entre paris et le sud de la ligne , nous vous conseillons de p â€¦",2020-12-07 16:15:19
335,bonjour je n ' arrive pas Ã  savoir si le rer b fonctionne normalement demain . pouvez vous m ' aider svp et me dir â€¦,2020-12-07 16:14:28
336,jupiterbis gov je rÃ©pÃ¨te souvent que c ' est l ' impÃ©rialisme qui engendre du terrorisme . je peux ajouter â€¦,2020-12-07 15:55:13
337,la bas j etais perdu de base je prends le rer b,2020-12-07 15:47:47
338,"yoyo fr pour rÃ©pondre Ã  quel besoin ? de plus , le rer b sera connectÃ© Ã  la ligne 16 et Ã  la 15 Ã  terme",2020-12-07 13:34:04
339,grande inquiÃ¨tude pour le rer b : la commande des nouveaux trains est menacÃ©e par la mauvaise volontÃ© de la ratp et â€¦,2020-12-07 12:06:22
340,j â€™ ai rer a + rer b,2020-12-07 12:05:01
341,fallu encore attendre une procÃ©dure d appel d offre et attendre la mise en industrie qui intervient que maintenant â€¦,2020-12-07 10:12:10
342,"tiens , y a ni auber rer a , ni les halles rer b poke",2020-12-07 10:10:35
343,"franchement monsieur , vous qui Ãªtes de saint denis vous pouvez remercier la rÃ©gion , rer â€¦",2020-12-07 09:39:56
344,pouvez - vous mettre un lien qui fonctionne ..... le rer b un laxisme depuis des annÃ©es nous pouvons r â€¦,2020-12-07 09:07:52
345,,2020-12-07 08:18:43
346,vari cdg express va avoir des consÃ©quences sur les usagers du rer b . Ã§a on s â€™ en doute car sncf rÃ©seau a tou â€¦,2020-12-06 23:45:44
347,transports en ile - de - france : avis de tempÃªte sur le rer b - le parisien,2020-12-06 22:23:09
348,rerb faride c ' est vrai mais le temps de parcours a pris cher au fil des ans surtou â€¦,2020-12-06 22:01:27
349,"jb bah y ' a pas rien lÃ  , y ' a au moins deux options . on peut â€¦",2020-12-06 21:10:37
350,transports en ile - de - france : avis de tempÃªte sur le rer b - le parisien,2020-12-06 19:38:03
351,,2020-12-06 17:10:49
352,le rer b c â€™ est grv dla merde mais il me manque quand mÃªme,2020-12-06 16:43:42
353,"Â« par exemple , le pont de soissons , Ã  saint - denis , doit Ãªtre refait pour accueillir le cdg express , mais aussi les â€¦",2020-12-06 16:27:03
354,,2020-12-06 16:25:14
355,"Â« par exemple , le pont de soissons , Ã  saint - denis , doit Ãªtre refait pour accueillir le cdg express , mais aussi les â€¦",2020-12-06 16:24:44
356,transports en ile - de - france : avis de tempÃªte sur le rer b ï¸,2020-12-06 16:15:53
357,"je prend le rer b , all my ptsd are coming back to me",2020-12-06 13:10:50
358,rer b,2020-12-06 10:33:57
359,merci aux idiots qui ont fait couler le projet cdg express .,2020-12-11 14:44:52
360,jsp pour vous mais je viens de finir une partie candy crush a 600 millions de score ptdr chui reste agrippÃ© sur mo â€¦,2020-12-11 14:39:29
361,"quand je suis arrivÃ© Ã  paris , en 1982 , ce rer b , dont le tronÃ§on central venait d ' Ãªtre ouvert , semblait une merveil â€¦",2020-12-11 14:08:37
362,les opposants au cdgexpress ont rÃ©ussi ... Ã  bloquer la modernisation du rer b ! chapeau ! quand des populistes vi â€¦,2020-12-11 14:08:07
363,"quand je suis arrivÃ© Ã  paris , en 1982 , ce rer b , dont le tronÃ§on central venait d ' Ãªtre ouvert , semblait une merveil â€¦",2020-12-11 14:06:50
364,est - ce lÃ  ( encore ) une fÃ¢cheuse consÃ©quence pour les usagers du dogmatisme de certains Ã©lus et / ou associations ??â€¦,2020-12-11 14:01:44
365,grand paris : la modernisation du rer b menacÃ©e,2020-12-11 13:58:16
366,"pas sortis de l â€™ auberge , selon â¦â©",2020-12-11 12:26:20
367,on peut aussi ajouter Ã  ce constat que la puissance publique ne sait / peut plus se mettre en exÃ©cution ( pas uniqueme â€¦,2020-12-11 11:51:23
368,"j ' ai pas accÃ¨s Ã  l ' article , mais le ton laisse penser que si le chantier du cdg express est arrÃªtÃ© ,â€¦",2020-12-11 11:21:01
369,"alors bien sÃ»r , on peut regretter l ' imbrication des travaux , probablement trop inextricable pour Ãªtre honnÃªte . mais â€¦",2020-12-11 11:20:56
370,grand paris : la modernisation du rer b menacÃ©e | par via,2020-12-11 11:14:01
371,"le lobby cdgexpress et aÃ©roports de paris ( adp ), le gestionnaire d â€™ infrastructure , s ' assoient sur la dÃ©cision du t â€¦",2020-12-11 11:12:09
372,j ' avais dit quoi ? taper sur le cdg express n ' aide pas le rer b ...,2020-12-11 11:09:06
373,grand paris : la modernisation du rer b menacÃ©e via,2020-12-11 11:07:09
374,samsoen placer la santÃ© avant la culture c ' est de l â€¦,2020-12-11 10:53:01
375,les effets de la pilule empoisonnÃ©e du cdg express sur le rerb bien dÃ©crits ici . nous dÃ©nonÃ§ons depuis des annÃ©es â€¦,2020-12-11 10:46:49
376,soyons demain Ã  14h30 pour manifester contre les lois liberticides et contre l ' islamophobie â€¦,2020-12-11 10:43:09
377,encommun on voit qu ' elle prend pas la ligne 4 et le rer b tous les matins .,2020-12-11 07:45:44
378,amis cyclistes usagÃ©s du rer b de ! n ' ayez plus plus peur pour votre beau vÃ©lo . abonnez - vous au pa â€¦,2020-12-11 06:40:30
379,"je suis dans le rer b actuellement , donc non , je ne le sens pas seule ... pas de risque ! mais un mÃ¨tre de di â€¦",2020-12-11 06:40:28
380,le rer b obligÃ© c â€™ est un capricorne . il est lÃ  il fait des phases alors qu â€™ il est mÃªme pas encore 8h,2020-12-11 06:30:15
381,"jb rerb bonjour , alors que la commande des nouvelles rames de rer b n ' est â€¦",2020-12-11 06:05:32
382,de meme rer b,2020-12-10 22:11:19
383,"rediff tous les trains du rer b renouvelÃ©s pour 2 , 5 milliards d â€™ euros",2020-12-10 21:09:21
384,paris hidalgo â€¦,2020-12-10 21:09:11
385,"ben oui , ton abonnement premium rer b finit par faire des envieux",2020-12-10 20:54:11
386,,2020-12-10 19:45:08
387,transilien â€¦,2020-12-10 17:53:58
388,paris hidalgo â€¦,2020-12-10 17:15:51
389,paris hidalgo â€¦,2020-12-10 17:04:51
390,"dites vous thomas il a rÃ©pondu au sondage d â€™ un mec ratp , en Â« ponctualitÃ© du rer b Â» il a mis 10 / 10 , 0 vanne ce mec dort la nuit",2020-12-10 15:54:30
391,nous avons signalÃ© hier en cm que de blr risquait d ' Ãªtre dÃ©connectÃ©e de la future ligne b du rer v â€¦,2020-12-10 15:40:47
392,paris hidalgo â€¦,2020-12-10 15:38:31
393,r94 hidalgo belliard alors il me semble â€¦,2020-12-10 15:07:54
394,"non vraiment si on compte pas les vrai trajet massy chanteloup frere , ligne j , rer a apres rer b pendant les grÃ¨ves â€¦",2020-12-10 13:57:17
395,je suis dans le rer b je le dÃ©teste,2020-12-10 13:53:35
396,asselineau mais c ' est c ' est tout les jours et presque partout antony 92 rer b a 8h15 le quai est plein et le train arrive plein,2020-12-10 12:52:54
397,""" ile - de - france mobilitÃ©s va renouveler tous les trains du rer b pour 2 , 5 milliards d â€™ euros "" ( via ) â€¦",2020-12-10 12:45:09
398,"â“‘ - bagage oubliÃ© â˜ jeudi 10 dÃ©cembre 2020 Ã  10h51 , en raison d ' un bagage oubliÃ© , le trafic est perturbÃ© entre le â€¦",2020-12-10 09:56:08
399,il est 10h38 Ã§a sent le saussiflard dans le rer b,2020-12-10 09:39:11
400,st remy rer â€¦,2020-12-10 08:48:48
401,"ouille non , moi ce n â€™ est plus que sur le rer b que je conduis dÃ©sormais . point de vue dÃ©gÃ¢ts ... vaut mieux qu â€¦",2020-12-10 08:40:30
402,la vdm ya encore des problÃ¨me sur le rer b c le train de l ' enfer jpp,2020-12-10 08:40:15
403,aÃ©roport cdg - paris 15e avec le rer b fermÃ© ( donc dÃ©tour ) sah ce jour lÃ  je suis parti en expÃ©dition rt isma gir75,2020-12-10 07:59:00
404,aÃ©roport cdg - paris 15e avec le rer b fermÃ© ( donc dÃ©tour ) sah ce jour lÃ  je suis parti en expÃ©dition,2020-12-10 07:56:55
405,wsh le rer b il est vla pressÃ© ce matin,2020-12-10 07:38:29
406,bonne nouvelle pour le rer b ! rerb,2020-12-10 07:29:46
407,Ã®le - de - france mobilitÃ©s a votÃ© mercredi le renouvellement de tous les trains de la ligne b du rer . il va cependan â€¦,2020-12-10 07:25:17
408,Ã®le - de - france mobilitÃ©s a votÃ© mercredi le renouvellement de tous les trains de la ligne b du rer . il va cependan â€¦,2020-12-10 07:25:16
409,moi : il faut que j ' arrive tÃ´t au boulot le rer b : en fait non,2020-12-10 07:11:45
410,si chaque jours y â€™ a pas un problÃ¨me sur le rer d et b les gens meurent ou c â€™ est comment vraiment courage ceux qui â€¦,2020-12-10 07:04:52
411,"hier soir , rer b et d . entre la plaine et gare de lyon . panne sur le b . des centaines d ' usagers Ã©lecteu â€¦",2020-12-10 06:53:43
412,"fr hier soir , rer b et d . entre la plaine et gare de lyon . panne sur le b . des centaines d ' usagers Ã©lecte â€¦",2020-12-10 06:51:38
413,,2020-12-10 06:35:14
414,transports franciliens : de nouvelles rames pour remplacer tous les vieux trains du rer b,2020-12-09 20:03:01
415,""" ile - de - france mobilitÃ©s va renouveler tous les trains du rer b pour 2 , 5 milliards d â€™ euros (",2020-12-09 19:57:05
416,"dites vous thomas il a rÃ©pondu au sondage d â€™ un mec ratp , en Â« ponctualitÃ© du rer b Â» il a mis 10 / 10 , 0 vanne ce mec dort la nuit",2020-12-10 15:54:30
417,nous avons signalÃ© hier en cm que de blr risquait d ' Ãªtre dÃ©connectÃ©e de la future ligne b du rer v â€¦,2020-12-10 15:40:47
418,paris hidalgo â€¦,2020-12-10 15:38:31
419,r94 hidalgo belliard alors il me semble â€¦,2020-12-10 15:07:54
420,"non vraiment si on compte pas les vrai trajet massy chanteloup frere , ligne j , rer a apres rer b pendant les grÃ¨ves â€¦",2020-12-10 13:57:17
421,je suis dans le rer b je le dÃ©teste,2020-12-10 13:53:35
422,asselineau mais c ' est c ' est tout les jours et presque partout antony 92 rer b a 8h15 le quai est plein et le train arrive plein,2020-12-10 12:52:54
423,""" ile - de - france mobilitÃ©s va renouveler tous les trains du rer b pour 2 , 5 milliards d â€™ euros "" ( via ) â€¦",2020-12-10 12:45:09
424,"â“‘ - bagage oubliÃ© â˜ jeudi 10 dÃ©cembre 2020 Ã  10h51 , en raison d ' un bagage oubliÃ© , le trafic est perturbÃ© entre le â€¦",2020-12-10 09:56:08
425,il est 10h38 Ã§a sent le saussiflard dans le rer b,2020-12-10 09:39:11
426,st remy rer â€¦,2020-12-10 08:48:48
427,"ouille non , moi ce n â€™ est plus que sur le rer b que je conduis dÃ©sormais . point de vue dÃ©gÃ¢ts ... vaut mieux qu â€¦",2020-12-10 08:40:30
428,la vdm ya encore des problÃ¨me sur le rer b c le train de l ' enfer jpp,2020-12-10 08:40:15
429,aÃ©roport cdg - paris 15e avec le rer b fermÃ© ( donc dÃ©tour ) sah ce jour lÃ  je suis parti en expÃ©dition rt isma gir75,2020-12-10 07:59:00
430,aÃ©roport cdg - paris 15e avec le rer b fermÃ© ( donc dÃ©tour ) sah ce jour lÃ  je suis parti en expÃ©dition,2020-12-10 07:56:55
431,wsh le rer b il est vla pressÃ© ce matin,2020-12-10 07:38:29
432,bonne nouvelle pour le rer b ! rerb,2020-12-10 07:29:46
433,Ã®le - de - france mobilitÃ©s a votÃ© mercredi le renouvellement de tous les trains de la ligne b du rer . il va cependan â€¦,2020-12-10 07:25:17
434,Ã®le - de - france mobilitÃ©s a votÃ© mercredi le renouvellement de tous les trains de la ligne b du rer . il va cependan â€¦,2020-12-10 07:25:16
435,moi : il faut que j ' arrive tÃ´t au boulot le rer b : en fait non,2020-12-10 07:11:45
436,si chaque jours y â€™ a pas un problÃ¨me sur le rer d et b les gens meurent ou c â€™ est comment vraiment courage ceux qui â€¦,2020-12-10 07:04:52
437,"hier soir , rer b et d . entre la plaine et gare de lyon . panne sur le b . des centaines d ' usagers Ã©lecteu â€¦",2020-12-10 06:53:43
438,"fr hier soir , rer b et d . entre la plaine et gare de lyon . panne sur le b . des centaines d ' usagers Ã©lecte â€¦",2020-12-10 06:51:38
439,,2020-12-10 06:35:14
440,transports franciliens : de nouvelles rames pour remplacer tous les vieux trains du rer b,2020-12-09 20:03:01
441,""" ile - de - france mobilitÃ©s va renouveler tous les trains du rer b pour 2 , 5 milliards d â€™ euros (",2020-12-09 19:57:05
442,nowplaying dexter goldberg trio - rer b rer b dexter goldberg trio,2020-12-09 18:40:03
443,"tous les trains du rer b renouvelÃ©s pour 2 , 5 milliards d â€™ euros",2020-12-09 18:14:35
444,"Ã§a faisait longtemps que je m â€™ Ã©tais pas plainte de la b . pire ligne de rer , Ã§a change pas . y â€™ a aucune raison que je â€¦",2020-12-09 18:08:31
445,sncf je suis bloquÃ© a ablon depuis 30 minute et le bus qui n ' arrive pas . auriez vous un plan b on est 10 a l â€¦,2020-12-09 18:07:33
446,rerb st remy plusdetrains,2020-12-09 17:43:11
447,"saint placide - cdg , j â€™ m â€™ Ã©tais endormi dans le rer b apres le taff",2020-12-09 16:59:51
448,"tremblay - en - france jusqu â€™ Ã  massy , il a avais plus de rer b Ã  cause des travaux , j â€™ ai eu que des pÃ©ripÃ©ties j â€™ ai qui â€¦",2020-12-09 16:40:59
449,"ile - de - france mobilitÃ©s va renouveler tous les trains du rer b pour 2 , 5 milliards d â€™ euros v â€¦",2020-12-09 16:38:32
450,communiquÃ© du groupe sur l ' Ã©chec de valÃ©rie pÃ©cresse pour le rer en idf : retard sur les projets des â€¦,2020-12-09 16:23:01
451,"â“‘ - incident d ' exploitation â˜ mercredi 9 dÃ©cembre 2020 Ã  17h10 , en raison d ' un incident d ' exploitation , le trafic â€¦",2020-12-09 16:13:50
452,une Ã©tape importante pour le rer b mais qui doit Ãªtre confirmÃ©e rapidement . c ' est le sens de l ' amendement dÃ©fendu p â€¦,2020-12-09 15:26:11
453,"aulnay sous bois - st michel ( rer b ) ensuite st michel - st cheron ( 22 arrÃªts bien espacÃ©s , avec le rer c ) j ' ai cr â€¦",2020-12-09 14:37:25
454,"aulnay sous bois - st michel ( rer b ) ensuite st michel - st cheron ( 22 arrÃªts bien espacÃ©s , avec le rer c ) j ' ai cr â€¦",2020-12-09 14:35:58
455,"impossible , le rer b est notre alliÃ© dans notre mission pour vous informer au mieux n ' hÃ©sitez pa â€¦",2020-12-09 12:55:58
456,le rer b laisse tomber tt le monde s â€™ en fou,2020-12-09 11:24:36
